{
  "BiLSTM Original": {
    "model_name": "bilstm_original",
    "model_params": {},
    "train_params": {},
    "train_time_seconds": 2.419544219970703,
    "roc_auc": 0.45663956639566394,
    "accuracy": 0.3050847457627119,
    "f1": 0.0,
    "precision": 0.0,
    "recall": 0.0,
    "f1_desce": 0.4675324675324675,
    "precision_desce": 0.3050847457627119,
    "recall_desce": 1.0,
    "ece": 0.2750948312255622,
    "brier_score": 0.2842891059802235
  },
  "BiLSTM Reduzido": {
    "model_name": "bilstm_reduced",
    "model_params": {},
    "train_params": {},
    "train_time_seconds": 0.9600448608398438,
    "roc_auc": 0.5676001204456489,
    "accuracy": 0.3050847457627119,
    "f1": 0.0,
    "precision": 0.0,
    "recall": 0.0,
    "f1_desce": 0.4675324675324675,
    "precision_desce": 0.3050847457627119,
    "recall_desce": 1.0,
    "ece": 0.34139585966444286,
    "brier_score": 0.2821764681069983
  },
  "Transformer": {
    "model_name": "transformer",
    "model_params": {},
    "train_params": {},
    "train_time_seconds": 2.0987722873687744,
    "roc_auc": 0.5737729599518218,
    "accuracy": 0.3050847457627119,
    "f1": 0.0,
    "precision": 0.0,
    "recall": 0.0,
    "f1_desce": 0.4675324675324675,
    "precision_desce": 0.3050847457627119,
    "recall_desce": 1.0,
    "ece": 0.27554091811180115,
    "brier_score": 0.28728945114693283
  },
  "TCN": {
    "model_name": "tcn",
    "model_params": {},
    "train_params": {},
    "train_time_seconds": 1.8056752681732178,
    "roc_auc": 0.41583860283047275,
    "accuracy": 0.3050847457627119,
    "f1": 0.0,
    "precision": 0.0,
    "recall": 0.0,
    "f1_desce": 0.4675324675324675,
    "precision_desce": 0.3050847457627119,
    "recall_desce": 1.0,
    "ece": 0.2940827086146942,
    "brier_score": 0.2912059439469339
  },
  "XGBoost": {
    "model_name": "xgboost",
    "model_params": {},
    "train_params": {},
    "train_time_seconds": 0.041439056396484375,
    "roc_auc": 0.6103316326530611,
    "accuracy": 0.3076923076923077,
    "f1": 0.0,
    "precision": 0.0,
    "recall": 0.0,
    "f1_desce": 0.47058823529411764,
    "precision_desce": 0.3076923076923077,
    "recall_desce": 1.0,
    "ece": 0.2505202561944396,
    "brier_score": 0.2637914981312283
  },
  "Logistic Regression": {
    "model_name": "logistic_regression",
    "model_params": {},
    "train_params": {},
    "train_time_seconds": 0.011990070343017578,
    "roc_auc": 0.4896541950113379,
    "accuracy": 0.3131868131868132,
    "f1": 0.06015037593984962,
    "precision": 0.5714285714285714,
    "recall": 0.031746031746031744,
    "f1_desce": 0.4588744588744589,
    "precision_desce": 0.3028571428571429,
    "recall_desce": 0.9464285714285714,
    "ece": 0.5090198161989917,
    "brier_score": 0.4828348632162261
  },
  "Random Forest": {
    "model_name": "random_forest",
    "model_params": {},
    "train_params": {},
    "train_time_seconds": 0.4049341678619385,
    "roc_auc": 0.5881519274376418,
    "accuracy": 0.3076923076923077,
    "f1": 0.0,
    "precision": 0.0,
    "recall": 0.0,
    "f1_desce": 0.47058823529411764,
    "precision_desce": 0.3076923076923077,
    "recall_desce": 1.0,
    "ece": 0.42219780219780223,
    "brier_score": 0.3871832417582418
  },
  "Transformer d=32": {
    "model_name": "transformer",
    "model_params": {
      "d_model": 32,
      "nhead": 2
    },
    "train_params": {},
    "train_time_seconds": 2.059492588043213,
    "roc_auc": 0.5269497139415839,
    "accuracy": 0.3050847457627119,
    "f1": 0.0,
    "precision": 0.0,
    "recall": 0.0,
    "f1_desce": 0.4675324675324675,
    "precision_desce": 0.3050847457627119,
    "recall_desce": 1.0,
    "ece": 0.24472013115882874,
    "brier_score": 0.27178955945281863
  },
  "Transformer d=128": {
    "model_name": "transformer",
    "model_params": {
      "d_model": 128,
      "nhead": 8
    },
    "train_params": {},
    "train_time_seconds": 2.645559549331665,
    "roc_auc": 0.51806684733514,
    "accuracy": 0.3050847457627119,
    "f1": 0.0,
    "precision": 0.0,
    "recall": 0.0,
    "f1_desce": 0.4675324675324675,
    "precision_desce": 0.3050847457627119,
    "recall_desce": 1.0,
    "ece": 0.22190174460411072,
    "brier_score": 0.25803095006045407
  },
  "Transformer 4L": {
    "model_name": "transformer",
    "model_params": {
      "n_layers": 4
    },
    "train_params": {},
    "train_time_seconds": 3.824444532394409,
    "roc_auc": 0.6884974405299609,
    "accuracy": 0.3050847457627119,
    "f1": 0.0,
    "precision": 0.0,
    "recall": 0.0,
    "f1_desce": 0.4675324675324675,
    "precision_desce": 0.3050847457627119,
    "recall_desce": 1.0,
    "ece": 0.2918984384860023,
    "brier_score": 0.29567359606011523
  },
  "XGBoost depth=3": {
    "model_name": "xgboost",
    "model_params": {
      "max_depth": 3
    },
    "train_params": {},
    "train_time_seconds": 0.01947617530822754,
    "roc_auc": 0.6220238095238095,
    "accuracy": 0.45054945054945056,
    "f1": 0.42528735632183906,
    "precision": 0.7708333333333334,
    "recall": 0.29365079365079366,
    "f1_desce": 0.47368421052631576,
    "precision_desce": 0.3358208955223881,
    "recall_desce": 0.8035714285714286,
    "ece": 0.20445467449806554,
    "brier_score": 0.24814635356963582
  },
  "XGBoost depth=6": {
    "model_name": "xgboost",
    "model_params": {
      "max_depth": 6
    },
    "train_params": {},
    "train_time_seconds": 0.03568863868713379,
    "roc_auc": 0.628188775510204,
    "accuracy": 0.3021978021978022,
    "f1": 0.0,
    "precision": 0.0,
    "recall": 0.0,
    "f1_desce": 0.4641350210970464,
    "precision_desce": 0.30386740331491713,
    "recall_desce": 0.9821428571428571,
    "ece": 0.22585352534776207,
    "brier_score": 0.2566075074975279
  },
  "XGBoost 500 trees": {
    "model_name": "xgboost",
    "model_params": {
      "n_estimators": 500
    },
    "train_params": {},
    "train_time_seconds": 0.023549318313598633,
    "roc_auc": 0.6103316326530611,
    "accuracy": 0.3076923076923077,
    "f1": 0.0,
    "precision": 0.0,
    "recall": 0.0,
    "f1_desce": 0.47058823529411764,
    "precision_desce": 0.3076923076923077,
    "recall_desce": 1.0,
    "ece": 0.2505202561944396,
    "brier_score": 0.2637914981312283
  },
  "BiLSTM drop=0.1": {
    "model_name": "bilstm_original",
    "model_params": {
      "dropout": 0.1
    },
    "train_params": {},
    "train_time_seconds": 1.984992504119873,
    "roc_auc": 0.4283348389039446,
    "accuracy": 0.3050847457627119,
    "f1": 0.0,
    "precision": 0.0,
    "recall": 0.0,
    "f1_desce": 0.4675324675324675,
    "precision_desce": 0.3050847457627119,
    "recall_desce": 1.0,
    "ece": 0.26366305351257324,
    "brier_score": 0.28120505274972113
  },
  "BiLSTM drop=0.5": {
    "model_name": "bilstm_original",
    "model_params": {
      "dropout": 0.5
    },
    "train_params": {},
    "train_time_seconds": 1.9807279109954834,
    "roc_auc": 0.4224631135200241,
    "accuracy": 0.3050847457627119,
    "f1": 0.0,
    "precision": 0.0,
    "recall": 0.0,
    "f1_desce": 0.4675324675324675,
    "precision_desce": 0.3050847457627119,
    "recall_desce": 1.0,
    "ece": 0.2455865740776062,
    "brier_score": 0.2727212268110618
  },
  "BiLSTM h=256": {
    "model_name": "bilstm_original",
    "model_params": {
      "hidden_size": 256
    },
    "train_params": {},
    "train_time_seconds": 4.065905809402466,
    "roc_auc": 0.42592592592592593,
    "accuracy": 0.3050847457627119,
    "f1": 0.0,
    "precision": 0.0,
    "recall": 0.0,
    "f1_desce": 0.4675324675324675,
    "precision_desce": 0.3050847457627119,
    "recall_desce": 1.0,
    "ece": 0.30314798324795095,
    "brier_score": 0.28548396581997504
  },
  "TCN k=2": {
    "model_name": "tcn",
    "model_params": {
      "kernel_size": 2
    },
    "train_params": {},
    "train_time_seconds": 1.392554759979248,
    "roc_auc": 0.44278831677205666,
    "accuracy": 0.3050847457627119,
    "f1": 0.0,
    "precision": 0.0,
    "recall": 0.0,