{
  "BiLSTM Original": {
    "model_name": "bilstm_original",
    "model_params": {},
    "train_params": {},
    "train_time_seconds": 8.867861270904541,
    "roc_auc": 0.5258390497675061,
    "accuracy": 0.34516129032258064,
    "f1": 0.0,
    "precision": 0.0,
    "recall": 0.0,
    "f1_desce": 0.513189448441247,
    "precision_desce": 0.34516129032258064,
    "recall_desce": 1.0,
    "ece": 0.37306410550109803,
    "brier_score": 0.36292829988511044
  },
  "BiLSTM Reduzido": {
    "model_name": "bilstm_reduced",
    "model_params": {},
    "train_params": {},
    "train_time_seconds": 7.1162755489349365,
    "roc_auc": 0.5368422264168317,
    "accuracy": 0.3741935483870968,
    "f1": 0.09345794392523364,
    "precision": 0.9090909090909091,
    "recall": 0.04926108374384237,
    "f1_desce": 0.5221674876847291,
    "precision_desce": 0.35451505016722407,
    "recall_desce": 0.9906542056074766,
    "ece": 0.47668721024547855,
    "brier_score": 0.45378642542955305
  },
  "Transformer": {
    "model_name": "transformer",
    "model_params": {},
    "train_params": {},
    "train_time_seconds": 6.820348739624023,
    "roc_auc": 0.5368134524193177,
    "accuracy": 0.34516129032258064,
    "f1": 0.0,
    "precision": 0.0,
    "recall": 0.0,
    "f1_desce": 0.513189448441247,
    "precision_desce": 0.34516129032258064,
    "recall_desce": 1.0,
    "ece": 0.3942774161456093,
    "brier_score": 0.37634618487051374
  },
  "TCN": {
    "model_name": "tcn",
    "model_params": {},
    "train_params": {},
    "train_time_seconds": 10.054672718048096,
    "roc_auc": 0.5941600294645736,
    "accuracy": 0.3467741935483871,
    "f1": 0.004914004914004914,
    "precision": 1.0,
    "recall": 0.0024630541871921183,
    "f1_desce": 0.5138055222088835,
    "precision_desce": 0.345718901453958,
    "recall_desce": 1.0,
    "ece": 0.5556907149572528,
    "brier_score": 0.5283876428895988
  },
  "XGBoost": {
    "model_name": "xgboost",
    "model_params": {},
    "train_params": {},
    "train_time_seconds": 0.030864477157592773,
    "roc_auc": 0.5112716403038984,
    "accuracy": 0.34775641025641024,
    "f1": 0.0,
    "precision": 0.0,
    "recall": 0.0,
    "f1_desce": 0.5160523186682521,
    "precision_desce": 0.34775641025641024,
    "recall_desce": 1.0,
    "ece": 0.344502721220637,
    "brier_score": 0.34379345009674805
  },
  "Logistic Regression": {
    "model_name": "logistic_regression",
    "model_params": {},
    "train_params": {},
    "train_time_seconds": 0.013578414916992188,
    "roc_auc": 0.5220620704491672,
    "accuracy": 0.34775641025641024,
    "f1": 0.0,
    "precision": 0.0,
    "recall": 0.0,
    "f1_desce": 0.5160523186682521,
    "precision_desce": 0.34775641025641024,
    "recall_desce": 1.0,
    "ece": 0.34265799555643556,
    "brier_score": 0.34719580449687076
  },
  "Random Forest": {
    "model_name": "random_forest",
    "model_params": {},
    "train_params": {},
    "train_time_seconds": 0.5285649299621582,
    "roc_auc": 0.5287480610061256,
    "accuracy": 0.3685897435897436,
    "f1": 0.06635071090047394,
    "precision": 0.9333333333333333,
    "recall": 0.0343980343980344,
    "f1_desce": 0.5230024213075061,
    "precision_desce": 0.35467980295566504,
    "recall_desce": 0.9953917050691244,
    "ece": 0.4246634615384616,
    "brier_score": 0.40962403846153844
  },
  "Transformer d=32": {
    "model_name": "transformer",
    "model_params": {
      "d_model": 32,
      "nhead": 2
    },
    "train_params": {},
    "train_time_seconds": 7.932991981506348,
    "roc_auc": 0.5694719395976244,
    "accuracy": 0.34516129032258064,
    "f1": 0.0,
    "precision": 0.0,
    "recall": 0.0,
    "f1_desce": 0.513189448441247,
    "precision_desce": 0.34516129032258064,
    "recall_desce": 1.0,
    "ece": 0.38647482097148894,
    "brier_score": 0.3703439406132399
  },
  "Transformer d=128": {
    "model_name": "transformer",
    "model_params": {
      "d_model": 128,
      "nhead": 8
    },
    "train_params": {},
    "train_time_seconds": 16.37598729133606,
    "roc_auc": 0.5440760093918328,
    "accuracy": 0.34516129032258064,
    "f1": 0.0,
    "precision": 0.0,
    "recall": 0.0,
    "f1_desce": 0.513189448441247,
    "precision_desce": 0.34516129032258064,
    "recall_desce": 1.0,
    "ece": 0.4489612950192344,
    "brier_score": 0.42533971470263376
  },
  "Transformer 4L": {
    "model_name": "transformer",
    "model_params": {
      "n_layers": 4
    },
    "train_params": {},
    "train_time_seconds": 19.08293914794922,
    "roc_auc": 0.5641257308595369,
    "accuracy": 0.34516129032258064,
    "f1": 0.0,
    "precision": 0.0,
    "recall": 0.0,
    "f1_desce": 0.513189448441247,
    "precision_desce": 0.34516129032258064,
    "recall_desce": 1.0,
    "ece": 0.3275141716003418,
    "brier_score": 0.33280052699999246
  },
  "XGBoost depth=3": {
    "model_name": "xgboost",
    "model_params": {
      "max_depth": 3
    },
    "train_params": {},
    "train_time_seconds": 0.025734424591064453,
    "roc_auc": 0.4885245530406821,
    "accuracy": 0.34775641025641024,
    "f1": 0.0,
    "precision": 0.0,
    "recall": 0.0,
    "f1_desce": 0.5160523186682521,
    "precision_desce": 0.34775641025641024,
    "recall_desce": 1.0,
    "ece": 0.3283578912990216,
    "brier_score": 0.3335721905807726
  },
  "XGBoost depth=6": {
    "model_name": "xgboost",
    "model_params": {
      "max_depth": 6
    },
    "train_params": {},
    "train_time_seconds": 0.023604869842529297,
    "roc_auc": 0.5060689092947158,
    "accuracy": 0.34775641025641024,
    "f1": 0.0,
    "precision": 0.0,
    "recall": 0.0,
    "f1_desce": 0.5160523186682521,
    "precision_desce": 0.34775641025641024,
    "recall_desce": 1.0,
    "ece": 0.2212779029057576,
    "brier_score": 0.2757074354092954
  },
  "XGBoost 500 trees": {
    "model_name": "xgboost",
    "model_params": {
      "n_estimators": 500
    },
    "train_params": {},
    "train_time_seconds": 0.030880451202392578,
    "roc_auc": 0.5112716403038984,
    "accuracy": 0.34775641025641024,
    "f1": 0.0,
    "precision": 0.0,
    "recall": 0.0,
    "f1_desce": 0.5160523186682521,
    "precision_desce": 0.34775641025641024,
    "recall_desce": 1.0,
    "ece": 0.344502721220637,
    "brier_score": 0.34379345009674805
  },
  "BiLSTM drop=0.1": {
    "model_name": "bilstm_original",
    "model_params": {
      "dropout": 0.1
    },
    "train_params": {},
    "train_time_seconds": 14.140949010848999,
    "roc_auc": 0.4954652179918052,
    "accuracy": 0.3467741935483871,
    "f1": 0.004914004914004914,
    "precision": 1.0,
    "recall": 0.0024630541871921183,
    "f1_desce": 0.5138055222088835,
    "precision_desce": 0.345718901453958,
    "recall_desce": 1.0,
    "ece": 0.443793222884978,
    "brier_score": 0.4226306458977409
  },
  "BiLSTM drop=0.5": {
    "model_name": "bilstm_original",
    "model_params": {
      "dropout": 0.5
    },
    "train_params": {},
    "train_time_seconds": 15.376695394515991,
    "roc_auc": 0.5138115188066847,
    "accuracy": 0.34516129032258064,
    "f1": 0.0,
    "precision": 0.0,
    "recall": 0.0,
    "f1_desce": 0.513189448441247,
    "precision_desce": 0.34516129032258064,
    "recall_desce": 1.0,
    "ece": 0.4322739399729236,
    "brier_score": 0.41028931632881877
  },
  "BiLSTM h=256": {
    "model_name": "bilstm_original",
    "model_params": {
      "hidden_size": 256
    },
    "train_params": {},
    "train_time_seconds": 28.489754676818848,
    "roc_auc": 0.48976796648404763,
    "accuracy": 0.3741935483870968,
    "f1": 0.09767441860465116,
    "precision": 0.875,
    "recall": 0.05172413793103448,
    "f1_desce": 0.5209876543209877,
    "precision_desce": 0.3540268456375839,
    "recall_desce": 0.985981308411215,
    "ece": 0.363394820882428,
    "brier_score": 0.35759362351862145
  },
  "TCN k=2": {
    "model_name": "tcn",
    "model_params": {
      "kernel_size": 2
    },
    "train_params": {},
    "train_time_seconds": 11.963289499282837,