{
  "BiLSTM Original": {
    "model_name": "bilstm_original",
    "model_params": {},
    "train_params": {},
    "train_time_seconds": 2.4926106929779053,
    "roc_auc": 0.43409513685888923,
    "accuracy": 0.4011299435028249,
    "f1": 0.0,
    "precision": 0.0,
    "recall": 0.0,
    "f1_desce": 0.5725806451612904,
    "precision_desce": 0.4011299435028249,
    "recall_desce": 1.0,
    "ece": 0.1213647723197937,
    "brier_score": 0.2559932021434427
  },
  "BiLSTM Reduzido": {
    "model_name": "bilstm_reduced",
    "model_params": {},
    "train_params": {},
    "train_time_seconds": 1.3100049495697021,
    "roc_auc": 0.5217911241031092,
    "accuracy": 0.423728813559322,
    "f1": 0.08928571428571429,
    "precision": 0.8333333333333334,
    "recall": 0.04716981132075472,
    "f1_desce": 0.5785123966942148,
    "precision_desce": 0.4093567251461988,
    "recall_desce": 0.9859154929577465,
    "ece": 0.12361601348650657,
    "brier_score": 0.25517326601517815
  },
  "Transformer": {
    "model_name": "transformer",
    "model_params": {},
    "train_params": {},
    "train_time_seconds": 1.699387788772583,
    "roc_auc": 0.6082912569758171,
    "accuracy": 0.4011299435028249,
    "f1": 0.0,
    "precision": 0.0,
    "recall": 0.0,
    "f1_desce": 0.5725806451612904,
    "precision_desce": 0.4011299435028249,
    "recall_desce": 1.0,
    "ece": 0.15570834279060364,
    "brier_score": 0.261959352437551
  },
  "TCN": {
    "model_name": "tcn",
    "model_params": {},
    "train_params": {},
    "train_time_seconds": 1.5012845993041992,
    "roc_auc": 0.5685623173000266,
    "accuracy": 0.4011299435028249,
    "f1": 0.0,
    "precision": 0.0,
    "recall": 0.0,
    "f1_desce": 0.5725806451612904,
    "precision_desce": 0.4011299435028249,
    "recall_desce": 1.0,
    "ece": 0.22314196361997032,
    "brier_score": 0.2673755602382039
  },
  "XGBoost": {
    "model_name": "xgboost",
    "model_params": {},
    "train_params": {},
    "train_time_seconds": 0.02088332176208496,
    "roc_auc": 0.5277847941399343,
    "accuracy": 0.5580110497237569,
    "f1": 0.6581196581196581,
    "precision": 0.6062992125984252,
    "recall": 0.719626168224299,
    "f1_desce": 0.375,
    "precision_desce": 0.4444444444444444,
    "recall_desce": 0.32432432432432434,
    "ece": 0.09161683143173137,
    "brier_score": 0.2501006262550932
  },
  "Logistic Regression": {
    "model_name": "logistic_regression",
    "model_params": {},
    "train_params": {},
    "train_time_seconds": 0.013656139373779297,
    "roc_auc": 0.5316999242232887,
    "accuracy": 0.3867403314917127,
    "f1": 0.08264462809917356,
    "precision": 0.35714285714285715,
    "recall": 0.04672897196261682,
    "f1_desce": 0.5394190871369294,
    "precision_desce": 0.38922155688622756,
    "recall_desce": 0.8783783783783784,
    "ece": 0.2900015752131547,
    "brier_score": 0.3209139863254204
  },
  "Random Forest": {
    "model_name": "random_forest",
    "model_params": {},
    "train_params": {},
    "train_time_seconds": 0.5215015411376953,
    "roc_auc": 0.45226067188684016,
    "accuracy": 0.43646408839779005,
    "f1": 0.37037037037037035,
    "precision": 0.5454545454545454,
    "recall": 0.2803738317757009,
    "f1_desce": 0.49,
    "precision_desce": 0.3888888888888889,
    "recall_desce": 0.6621621621621622,
    "ece": 0.1571546961325967,
    "brier_score": 0.2831733425414365
  },
  "Transformer d=32": {
    "model_name": "transformer",
    "model_params": {
      "d_model": 32,
      "nhead": 2
    },
    "train_params": {},
    "train_time_seconds": 1.8293085098266602,
    "roc_auc": 0.6312782354504385,
    "accuracy": 0.4011299435028249,
    "f1": 0.0,
    "precision": 0.0,
    "recall": 0.0,
    "f1_desce": 0.5725806451612904,
    "precision_desce": 0.4011299435028249,
    "recall_desce": 1.0,
    "ece": 0.15895181894302368,
    "brier_score": 0.262393326659997
  },
  "Transformer d=128": {
    "model_name": "transformer",
    "model_params": {
      "d_model": 128,
      "nhead": 8
    },
    "train_params": {},
    "train_time_seconds": 2.4096386432647705,
    "roc_auc": 0.6294180175391973,
    "accuracy": 0.4011299435028249,
    "f1": 0.0,
    "precision": 0.0,
    "recall": 0.0,
    "f1_desce": 0.5725806451612904,
    "precision_desce": 0.4011299435028249,
    "recall_desce": 1.0,
    "ece": 0.23686130344867704,
    "brier_score": 0.271534173804942
  },
  "Transformer 4L": {
    "model_name": "transformer",
    "model_params": {
      "n_layers": 4
    },
    "train_params": {},
    "train_time_seconds": 4.070995569229126,
    "roc_auc": 0.6314111081583842,
    "accuracy": 0.4011299435028249,
    "f1": 0.0,
    "precision": 0.0,
    "recall": 0.0,
    "f1_desce": 0.5725806451612904,
    "precision_desce": 0.4011299435028249,
    "recall_desce": 1.0,
    "ece": 0.1186782717704773,
    "brier_score": 0.2541021237398511
  },
  "XGBoost depth=3": {
    "model_name": "xgboost",
    "model_params": {
      "max_depth": 3
    },
    "train_params": {},
    "train_time_seconds": 0.013079166412353516,
    "roc_auc": 0.49115938368274814,
    "accuracy": 0.4198895027624309,
    "f1": 0.03669724770642202,
    "precision": 1.0,
    "recall": 0.018691588785046728,
    "f1_desce": 0.5849802371541502,
    "precision_desce": 0.4134078212290503,
    "recall_desce": 1.0,
    "ece": 0.09242386021008148,
    "brier_score": 0.2502652948198542
  },
  "XGBoost depth=6": {
    "model_name": "xgboost",
    "model_params": {
      "max_depth": 6
    },
    "train_params": {},
    "train_time_seconds": 0.030695438385009766,
    "roc_auc": 0.5210280373831776,
    "accuracy": 0.574585635359116,
    "f1": 0.6882591093117408,
    "precision": 0.6071428571428571,
    "recall": 0.794392523364486,
    "f1_desce": 0.33043478260869563,
    "precision_desce": 0.4634146341463415,
    "recall_desce": 0.25675675675675674,
    "ece": 0.09281592342734993,
    "brier_score": 0.2500390061491516
  },
  "XGBoost 500 trees": {
    "model_name": "xgboost",
    "model_params": {
      "n_estimators": 500
    },
    "train_params": {},
    "train_time_seconds": 0.021173954010009766,
    "roc_auc": 0.5277847941399343,
    "accuracy": 0.5580110497237569,
    "f1": 0.6581196581196581,
    "precision": 0.6062992125984252,
    "recall": 0.719626168224299,
    "f1_desce": 0.375,
    "precision_desce": 0.4444444444444444,
    "recall_desce": 0.32432432432432434,
    "ece": 0.09161683143173137,
    "brier_score": 0.2501006262550932
  },
  "BiLSTM drop=0.1": {
    "model_name": "bilstm_original",
    "model_params": {
      "dropout": 0.1
    },
    "train_params": {},
    "train_time_seconds": 1.9156272411346436,
    "roc_auc": 0.45628487908583576,
    "accuracy": 0.4011299435028249,
    "f1": 0.0,
    "precision": 0.0,
    "recall": 0.0,
    "f1_desce": 0.5725806451612904,
    "precision_desce": 0.4011299435028249,
    "recall_desce": 1.0,
    "ece": 0.1349027156829834,
    "brier_score": 0.25920194145678466
  },
  "BiLSTM drop=0.5": {
    "model_name": "bilstm_original",
    "model_params": {
      "dropout": 0.5
    },
    "train_params": {},
    "train_time_seconds": 1.9582533836364746,
    "roc_auc": 0.4916290193994154,
    "accuracy": 0.4011299435028249,
    "f1": 0.0,
    "precision": 0.0,
    "recall": 0.0,
    "f1_desce": 0.5725806451612904,
    "precision_desce": 0.4011299435028249,
    "recall_desce": 1.0,
    "ece": 0.11902672052383423,
    "brier_score": 0.2544975096614141
  },
  "BiLSTM h=256": {
    "model_name": "bilstm_original",
    "model_params": {
      "hidden_size": 256
    },
    "train_params": {},
    "train_time_seconds": 4.444916725158691,
    "roc_auc": 0.43409513685888923,
    "accuracy": 0.5988700564971752,
    "f1": 0.7491166077738516,
    "precision": 0.5988700564971752,
    "recall": 1.0,
    "f1_desce": 0.0,
    "precision_desce": 0.0,
    "recall_desce": 0.0,
    "ece": 0.07239478826522827,
    "brier_score": 0.24631260793361281
  },
  "TCN k=2": {
    "model_name": "tcn",